group,A,Z,N,y_true,y_pred_tuned,y_pred_lr,y_pred_rf,resid_tuned,resid_lr,resid_rf,y_pred_base,resid_base
2,4,2,2,20.577621,4.1769714,7.436179,5.793673712611199,16.40065,13.141442,14.783947747349739,6.090866,14.486755
2,5,2,3,-0.735,-1.9445695,7.164792,1.583672475963831,1.2095695,-7.899792,-2.3186724902689457,0.013106236,-0.74810624
2,6,2,4,1.7104568,0.035223365,6.8934045,0.6008151896297932,1.6752335,-5.1829476,1.1096416585147382,0.04083302,1.6696239
2,8,2,6,2.5347626,0.7977034,6.35063,0.8685209462046624,1.7370592,-3.8158672,1.666241674721241,0.9684002,1.5663624
2,9,2,7,-1.2548254,-3.1265056,6.079242,0.6991786876320839,1.8716803,-7.3340673,-1.9540040412545205,0.5150441,-1.7698694
2,10,2,8,-0.1900023,-1.3137382,5.8078547,0.7775806879997254,1.1237359,-5.997857,-0.9675829952955246,0.5150441,-0.7050464
