group,A,Z,N,y_true,y_pred_tuned,y_pred_lr,y_pred_rf,resid_tuned,resid_lr,resid_rf,y_pred_base,resid_base
3,4,3,1,11.415,19.97746,8.092407,14.003968227356673,-8.562461,3.3225927,-2.5889682655036452,18.611012,-7.1960115
3,5,3,2,21.715622,19.97746,7.8210325,13.76945238083601,1.7381611,13.894589,7.946169567406178,19.983519,1.7321033
3,6,3,3,5.6633244,0.1608279,7.549658,3.0196733948588372,5.5024962,-1.8863335,2.6436509612202643,0.43107328,5.232251
3,7,3,4,7.251094,1.5494688,7.278283,3.301510517448187,5.701625,-0.027189255,3.949583346992731,1.7443044,5.506789
3,8,3,5,2.0326183,-1.4841402,7.0069084,3.26739908143878,3.5167584,-4.97429,-1.234780797213316,1.3876092,0.64500904
3,9,3,6,4.0622177,2.6227496,6.735533,2.3118365041911604,1.4394681,-2.6733155,1.7503812082111834,2.1275458,1.9346719
3,10,3,7,-0.0264045,-1.4459848,6.4641585,0.44586732268333434,1.4195803,-6.490563,-0.47227182269096374,-0.21870065,0.19229615
3,12,3,9,-0.21,-1.2859486,5.9214087,0.7628239804506302,1.0759486,-6.1314087,-0.9728239738941192,-1.2116067,1.0016067
3,13,3,10,0.1,1.5257549,5.650034,0.7028849956393242,-1.4257549,-5.550034,-0.602884994149208,-1.1918155,1.2918155
