group,A,Z,N,y_true,y_pred_tuned,y_pred_lr,y_pred_rf,resid_tuned,resid_lr,resid_rf,y_pred_base,resid_base
1,2,1,1,2.2245662,20.415968,7.34323,14.32051149725914,-18.191402,-5.118664,-12.095945276021958,12.145177,-9.92061
1,3,1,2,6.2572303,20.415968,7.072057,17.69809659361839,-14.158737,-0.8148265,-11.440866311788557,20.452961,-14.19573
1,4,1,3,-1.6,-0.33484858,6.8008842,3.4210857224464415,-1.2651515,-8.400885,-5.0210857462883,1.178008,-2.778008
1,5,1,4,-0.2,1.5837822,6.5297112,2.893138996362686,-1.7837822,-6.729711,-3.0931389993429184,2.2525935,-2.4525936
1,6,1,5,-0.9119594,-6.337174,6.2585382,1.9503479456901551,5.425215,-7.170498,-2.8623073554039005,1.8523585,-2.764318
1,7,1,6,0.812,-1.4759611,5.9873657,2.454000263363123,2.287961,-5.175366,-1.6420002867281438,2.2094965,-1.3974965
