group,A,Z,N,y_true,y_pred_tuned,y_pred_lr,y_pred_rf,resid_tuned,resid_lr,resid_rf,y_pred_base,resid_base
114,285,114,171,5.919,5.8762474,6.069747,6.360440077781678,0.042752743,-0.15074682,-0.4414399290084843,6.231356,-0.312356
114,286,114,172,7.398,6.869595,5.797659,6.556440029144287,0.5284047,1.6003408,0.8415597343444823,6.2770443,1.1209555
114,287,114,173,5.748,5.845779,5.525575,6.049199905395508,-0.0977788,0.22242498,-0.3011997604370116,6.2031517,-0.45515156
114,288,114,174,7.083,6.8084764,5.2534876,6.4854799747467045,0.27452374,1.8295126,0.5975202083587643,6.288076,0.79492426
114,289,114,175,5.523,5.5720425,4.981404,6.061600112915039,-0.0490427,0.54159594,-0.5386003494262699,6.0490193,-0.5260196
114,290,114,176,6.806,6.524787,4.7093167,6.240540165901184,0.28121328,2.0966835,0.5654600667953495,6.2738156,0.5321846
