group,A,Z,N,y_true,y_pred_tuned,y_pred_lr,y_pred_rf,resid_tuned,resid_lr,resid_rf,y_pred_base,resid_base
4,6,4,2,26.835,16.579227,8.188052,18.5739506149292,10.255772,18.646946,8.261048469543457,19.890789,6.94421
4,7,4,3,10.677354,6.9022937,7.9166317,6.581564382761717,3.7750602,2.7607222,4.095789476186037,6.530365,4.146989
4,8,4,4,18.898643,7.5110435,7.6452117,5.488936797082424,11.3876,11.253431,13.40970669656992,6.6071186,12.291525
4,9,4,5,1.6645387,1.8892472,7.3737917,4.257947251796723,-0.22470844,-5.709253,-2.5934085106849674,3.3122652,-1.6477264
4,10,4,6,6.8122826,4.313592,7.102371,4.448642663359642,2.4986906,-0.29008865,2.363639898896217,3.9895577,2.8227248
4,12,4,8,3.1707253,2.3339205,6.5595307,0.858411044254899,0.83680487,-3.3888054,2.312314301356673,2.044078,1.1266472
4,14,4,10,1.7758951,1.8315363,6.0166903,0.5052134066820144,-0.055641174,-4.240795,1.2706817120313645,0.51770097,1.2581942
4,15,4,11,-1.8,-0.5652632,5.7452703,0.5307903788238764,-1.2347367,-7.54527,-2.3307903311401605,0.24761878,-2.0476186
4,16,4,12,0.45,1.8779798,5.47385,0.4406958239618689,-1.4279797,-5.02385,0.00930416411720214,0.86072963,-0.41072965
