group,A,Z,N,y_true,y_pred_tuned,y_pred_lr,y_pred_rf,resid_tuned,resid_lr,resid_rf,y_pred_base,resid_base
104,254,104,150,8.512,7.993294,7.8047485,7.855241770744324,0.5187063,0.70725155,0.656758313179016,7.2320294,1.2799706
104,255,104,151,6.943,6.881392,7.5327544,7.204528498649597,0.061607838,-0.5897546,-0.26152865886688215,6.872868,0.07013178
104,257,104,153,6.426922,6.4067025,6.9887705,6.597780046463012,0.020219326,-0.56184864,-0.17085820198059043,6.474273,-0.04735136
104,258,104,154,7.593369,7.124603,6.71678,6.967044949531555,0.4687662,0.8765888,0.6263240575790405,6.54151,1.0518589
104,259,104,155,6.049,5.9821534,6.444786,6.026393356323243,0.06684637,-0.3957863,0.022606430053710547,6.3235326,-0.2745328
104,263,104,159,5.707,5.3786635,5.3568172,5.582129874229431,0.32833624,0.35018253,0.1248699045181274,6.1744375,-0.46743774
104,265,104,161,5.456,5.4817715,4.8128366,5.714360036849976,-0.025771618,0.6431632,-0.258360185623169,6.1744375,-0.7184377
104,267,104,163,4.763,4.776455,4.268852,4.842990074157715,-0.013454914,0.49414778,-0.07999006271362319,5.6355567,-0.8725567
