{
  "base_rmse_mean": 1.0094947411911923,
  "base_rmse_std": 0.16470887439529683,
  "base_mae_mean": 0.609809273481369,
  "base_mae_std": 0.040829786808285966,
  "base_r2_mean": 0.9764294326305389,
  "base_r2_std": 0.01003418714434589,
  "tuned_rmse_mean": 0.6026195309058051,
  "tuned_rmse_std": 0.13007285196161433,
  "tuned_mae_mean": 0.2853992760181427,
  "tuned_mae_std": 0.0285933423884786,
  "tuned_r2_mean": 0.9914290130138397,
  "tuned_r2_std": 0.004293594813909032
}