feature,importance
Z,0.35130426
N,0.33429977
A,0.314396
