group,A,Z,N,y_true,y_pred_tuned,y_pred_lr,y_pred_rf,resid_tuned,resid_lr,resid_rf,y_pred_base,resid_base
1,2,1,1,2.2245662,9.583819,11.589535,13.590582284927368,-7.359253,-9.364968,-11.366016063690186,13.579623,-11.355057
1,3,1,2,6.2572303,2.052102,3.4251728,2.300368671417236,4.205128,2.8320575,3.9568616104125978,3.0709465,3.1862838
1,4,1,3,-1.6,-4.560938,-7.019718,1.1953925757855177,2.960938,5.4197183,-2.795392599627376,0.02884495,-1.628845
1,5,1,4,-0.2,1.8098279,-16.324345,1.0078499893844128,-2.0098279,16.124344,-1.207849992364645,1.9931637,-2.1931636
1,6,1,5,-0.9119594,-2.682637,-25.628971,1.0078499893844128,1.7706776,24.717012,-1.919809399098158,0.7254165,-1.6373758
1,7,1,6,0.812,1.8557379,-34.933598,0.7657253151666373,-1.0437379,35.745598,0.046274661468341916,2.7888026,-1.9768026
