group,A,Z,N,y_true,y_pred_tuned,y_pred_lr,y_pred_rf,resid_tuned,resid_lr,resid_rf,y_pred_base,resid_base
4,6,4,2,26.835,23.732271,15.492672,19.22950976371765,3.102728,11.342327,7.605489320755005,21.566633,5.268366
4,7,4,3,10.677354,10.230183,12.576872,14.217153759002686,0.4471712,-1.899518,-3.5397999000549323,11.880564,-1.2032099
4,8,4,4,18.898643,12.149419,10.721796,10.284845449924468,6.7492247,8.176847,8.613798043727876,11.270844,7.627799
4,9,4,5,1.6645387,5.375653,8.866721,7.192139754295349,-3.711114,-7.2021823,-5.5276010131835935,7.165279,-5.50074
4,10,4,6,6.8122826,5.4546933,7.0116453,0.6918019044399262,1.3575892,-0.19936275,6.120480657815933,2.6170454,4.195237
4,12,4,8,3.1707253,3.9276588,4.362218,3.5120231807231903,-0.75693345,-1.1914926,-0.34129783511161804,2.7507074,0.42001796
4,14,4,10,1.7758951,1.4905021,-0.40865898,0.12960657626390457,0.285393,2.184554,1.6462885424494744,0.10206584,1.6738293
4,15,4,11,-1.8,-1.8040653,-2.263733,0.043609961215406653,0.0040653944,0.46373296,-1.8436099135316908,-0.5004186,-1.2995813
4,16,4,12,0.45,1.4406264,-4.1188107,-0.06960496189072728,-0.9906264,4.5688105,0.5196049499697983,0.8992144,-0.4492144
