group,A,Z,N,y_true,y_pred_tuned,y_pred_lr,y_pred_rf,resid_tuned,resid_lr,resid_rf,y_pred_base,resid_base
2,4,2,2,20.577621,12.564448,11.789146,6.830981187820434,8.013173,8.788475,13.746640272140503,6.1137967,14.463825
2,5,2,3,-0.735,7.8701057,8.051137,5.666325767040252,-8.605105,-8.786137,-6.401325781345367,6.4592876,-7.194288
2,6,2,4,1.7104568,7.1598806,4.3131247,5.034891031980514,-5.449424,-2.6026678,-3.324434183835983,5.0023966,-3.2919397
2,8,2,6,2.5347626,2.6836562,-3.162897,-0.33061377979815004,-0.1488936,5.6976595,2.8653764007240534,-0.019720621,2.5544832
2,9,2,7,-1.2548254,-1.4583787,-6.9009094,-0.16786022633314132,0.20355332,5.646084,-1.0869651272892953,-0.013203042,-1.2416223
2,10,2,8,-0.1900023,0.69998634,-10.638918,-0.16270289555191994,-0.88998866,10.4489155,-0.027299411743879315,0.032864537,-0.22286685
