group,A,Z,N,y_true,y_pred_tuned,y_pred_lr,y_pred_rf,resid_tuned,resid_lr,resid_rf,y_pred_base,resid_base
114,285,114,171,5.919,6.2061133,6.1481075,6.9099700021743775,-0.2871132,-0.22910738,-0.9909698534011842,6.5832834,-0.6642833
114,286,114,172,7.398,7.197471,5.9608936,6.237160348892212,0.20052862,1.4371061,1.1608394145965573,6.481684,0.91631556
114,287,114,173,5.748,5.9044437,5.7736807,6.569476742744445,-0.1564436,-0.025680542,-0.8214765977859493,6.375758,-0.627758
114,288,114,174,7.083,7.0546727,5.5864677,6.142757835388184,0.028327465,1.4965324,0.9402423477172848,6.3128014,0.7701988
114,289,114,175,5.523,5.5509267,5.399254,6.429620018005371,-0.027926922,0.12374592,-0.9066202545166018,5.955805,-0.43280506
114,290,114,176,6.806,6.7218494,5.21204,6.073904037475586,0.08415079,1.5939603,0.7320961952209473,5.955805,0.8501954
