group,A,Z,N,y_true,y_pred_tuned,y_pred_lr,y_pred_rf,resid_tuned,resid_lr,resid_rf,y_pred_base,resid_base
3,4,3,1,11.415,8.936648,15.729545,19.726716406345368,2.4783516,-4.3145447,-8.31171644449234,15.919835,-4.504835
3,5,3,2,21.715622,21.679905,14.310083,17.823316593170166,0.03571701,7.4055386,3.892305355072022,21.137352,0.57826996
3,6,3,3,5.6633244,5.2777987,10.766588,17.273688194751738,0.3855257,-5.103264,-11.610363838672637,14.232183,-8.568859
3,7,3,4,7.251094,-0.507012,8.28511,4.493871940374374,7.7581058,-1.0340166,2.7572219240665437,3.9700563,3.2810376
3,8,3,5,2.0326183,-1.9951209,5.8036327,3.6577960312366486,4.027739,-3.7710145,-1.6251777470111848,3.4278975,-1.3952792
3,9,3,6,4.0622177,2.721781,3.322155,2.361582086086273,1.3404367,0.7400627,1.7006356263160707,3.5143557,0.54786205
3,10,3,7,-0.0264045,-0.01899955,0.84067726,2.0803995257616044,-0.0074049495,-0.86708176,-2.1068040257692338,0.91905594,-0.94546044
3,12,3,9,-0.21,-2.7309499,-4.12228,-0.2522936535812914,2.5209498,3.91228,0.042293660137802336,-1.2194059,1.0094059
3,13,3,10,0.1,0.18333466,-6.603758,-0.600885663991794,-0.08333466,6.703758,0.7008856654819101,0.08852131,0.011478692
