group,A,Z,N,y_true,y_pred_tuned,y_pred_lr,y_pred_rf,resid_tuned,resid_lr,resid_rf,y_pred_base,resid_base
104,254,104,150,8.512,8.345802,7.392416,7.473151917457581,0.16619778,1.1195841,1.0388481664657592,7.4974923,1.0145078
104,255,104,151,6.943,7.2636566,7.1994762,7.963409266471863,-0.32065678,-0.2564764,-1.020409426689148,7.4974923,-0.5544925
104,257,104,153,6.426922,6.5082955,6.8135986,7.248693327903748,-0.08137369,-0.3866768,-0.8217714834213261,7.093612,-0.66669035
104,258,104,154,7.593369,7.3891263,6.62066,6.599063138961792,0.2042427,0.9727092,0.9943058681488033,7.0888834,0.5044856
104,259,104,155,6.049,6.209216,6.427721,6.540188908576965,-0.16021633,-0.37872124,-0.4911891222000122,6.889029,-0.84002924
104,263,104,159,5.707,5.7591853,5.655964,6.5546144771575925,-0.052185535,0.05103588,-0.8476146984100339,6.25899,-0.55199003
104,265,104,161,5.456,5.4342246,5.2700853,5.855465540885925,0.021775246,0.18591452,-0.39946568965911844,5.769619,-0.31361914
104,267,104,163,4.763,4.589172,4.884207,5.616360964775086,0.17382812,-0.12120676,-0.853360953330994,5.402011,-0.6390109
