{
  "base_rmse_mean": 1.2145530021408706,
  "base_rmse_std": 0.26960704809025554,
  "base_mae_mean": 0.9511518359184266,
  "base_mae_std": 0.08633419176894,
  "base_r2_mean": 0.8921312630176544,
  "base_r2_std": 0.03253330546559264,
  "tuned_rmse_mean": 0.8199084661242108,
  "tuned_rmse_std": 0.3706051977636213,
  "tuned_mae_mean": 0.3682377368211746,
  "tuned_mae_std": 0.06625190899332845,
  "tuned_r2_mean": 0.9477332830429077,
  "tuned_r2_std": 0.03674674552778109
}