feature,importance
N,0.37489128
Z,0.36692846
A,0.25818026
