,A,Z,N,Shell_Closure,N_Z_excess,N_to_Z_ratio,S(2n)_MeV
A,1.0,0.9893112228286245,0.9955915227844967,-0.1733193289752737,0.8864217902450856,0.10023936939163743,-0.2099342566846028
Z,0.9893112228286245,1.0,0.9712727201937476,-0.17510891973172088,0.8094503641642373,-0.005754716556733578,-0.09271728381954766
N,0.9955915227844967,0.9712727201937476,1.0,-0.17021251484376965,0.9259297429224201,0.1672866223985987,-0.2829626069650413
Shell_Closure,-0.1733193289752737,-0.17510891973172088,-0.17021251484376965,1.0,-0.14207261874082158,0.007156459436900487,0.043558759694281995
N_Z_excess,0.8864217902450856,0.8094503641642373,0.9259297429224201,-0.14207261874082158,1.0,0.4219130616601416,-0.5510521917135891
N_to_Z_ratio,0.10023936939163743,-0.005754716556733578,0.1672866223985987,0.007156459436900487,0.4219130616601416,1.0,-0.8849473733378628
S(2n)_MeV,-0.2099342566846028,-0.09271728381954766,-0.2829626069650413,0.043558759694281995,-0.5510521917135891,-0.8849473733378628,1.0
