{
  "base_rmse_mean": 0.5343262059885887,
  "base_rmse_std": 0.12509401504601955,
  "base_mae_mean": 0.30242227017879486,
  "base_mae_std": 0.024785139389960558,
  "base_r2_mean": 0.9933156192302703,
  "base_r2_std": 0.0035445410099726733,
  "tuned_rmse_mean": 0.4157574204816642,
  "tuned_rmse_std": 0.1033224111534887,
  "tuned_mae_mean": 0.2163207247853279,
  "tuned_mae_std": 0.025473664435326986,
  "tuned_r2_mean": 0.9959294855594635,
  "tuned_r2_std": 0.00207583328309549
}