feature,importance
N_to_Z_ratio,0.56865275
N_Z_excess,0.29135042
Z,0.08260149
A,0.032168187
N,0.020885944
Shell_Closure,0.0043412177
