group,A,Z,N,y_true,y_pred_tuned,y_pred_lr,y_pred_rf,resid_tuned,resid_lr,resid_rf,y_pred_base,resid_base
113,281,113,168,13.792,13.689113,12.979628,13.609784440994263,0.10288715,0.8123722,0.18221537590026848,13.735455,0.056545258
113,282,113,169,13.654,13.413657,12.609085,13.367606630325318,0.2403431,1.0449152,0.28639365196228006,13.5660925,0.08790779
113,283,113,170,13.389,13.26755,12.238543,13.147240018844604,0.12144947,1.1504574,0.2417599201202396,13.207082,0.18191814
113,284,113,171,13.28,13.098512,11.868004,13.109650707244873,0.18148804,1.4119959,0.17034902572631871,13.123794,0.15620613
113,285,113,172,12.938,12.876906,11.497461,12.86640778541565,0.06109333,1.4405384,0.07159193992614732,12.7976885,0.14031124
113,286,113,173,12.777,12.666994,11.126919,12.580748653411865,0.11000633,1.6500816,0.19625177383422887,12.628319,0.14868164
113,289,113,176,12.047,12.148347,10.015295,11.899985847473145,-0.10134697,2.031705,0.1470140838623042,11.986101,0.06089878
113,290,113,177,11.797,11.91709,9.644754,11.664766845703125,-0.120090485,2.1522455,0.13223308563232372,11.787256,0.0097436905
