group,A,Z,N,y_true,y_pred_tuned,y_pred_lr,y_pred_rf,resid_tuned,resid_lr,resid_rf,y_pred_base,resid_base
4,7,4,3,37.512,34.254555,25.5064,36.61901119232178,3.2574463,12.005602,0.8929898452758778,32.87981,4.6321907
4,9,4,5,20.563183,18.08903,18.279095,14.606505603790284,2.4741535,2.2840881,5.956677227020263,16.907682,3.6555004
4,10,4,6,8.476821,11.009202,14.66544,16.24890160560608,-2.532381,-6.1886187,-7.772080659866333,11.699485,-3.2226639
4,13,4,9,2.6607254,2.0444653,3.824482,3.6750404557213185,0.61626005,-1.1637566,-1.0143151005730031,1.9430124,0.717713
4,14,4,10,1.2658951,0.04214188,0.21082687,1.2764085034281016,1.2237532,1.0550683,-0.010513375177979567,0.051558588,1.2143365
