group,A,Z,N,y_true,y_pred_tuned,y_pred_lr,y_pred_rf,resid_tuned,resid_lr,resid_rf,y_pred_base,resid_base
114,286,114,172,13.316,13.267881,12.040951,13.270139846801758,0.04811859,1.2750492,0.04586013793945298,13.418807,-0.102807045
114,287,114,173,13.146,13.061602,11.671556,12.884090623855592,0.08439827,1.4744434,0.26190928459167395,13.000654,0.14534569
114,288,114,174,12.832,12.885346,11.302166,12.758577251434327,-0.053346634,1.5298338,0.07342252731323207,12.842305,-0.010305405
114,289,114,175,12.606,12.638768,10.932779,12.429547128677369,-0.03276825,1.6732206,0.17645281791686962,12.531737,0.07426262
114,291,114,177,12.108,12.180132,10.193996,11.881866674423218,-0.07213211,1.9140034,0.226133127212524,11.9861555,0.12184429
