group,A,Z,N,y_true,y_pred_tuned,y_pred_lr,y_pred_rf,resid_tuned,resid_lr,resid_rf,y_pred_base,resid_base
2,5,2,3,19.84262,13.53346,15.4436455,9.311524772644043,6.309161,4.3989754,10.531096076965332,9.670142,10.172479
2,6,2,4,0.9754569,5.6208305,8.077578,4.786368286609649,-4.645374,-7.102121,-3.810911393165588,4.2788954,-3.3034384
2,7,2,5,1.3007426,0.9053463,0.7115059,1.073613372966647,0.39539635,0.58923674,0.2271292532235385,1.0283103,0.27243233
2,8,2,6,2.1250484,0.13534169,-6.654564,-0.008765555024147033,1.9897068,8.779613,2.1338139539957046,-0.16714469,2.2921932
2,9,2,7,1.2799373,0.69728523,-14.020634,-0.195127487257123,0.58265203,15.300571,1.4750647545605897,0.114142105,1.1657952
2,10,2,8,-1.4448277,-0.5783076,-21.386703,-0.21871559843420982,-0.86652005,19.941875,-1.2261120773851872,-0.0828522,-1.3619754
