group,A,Z,N,y_true,y_pred_tuned,y_pred_lr,y_pred_rf,resid_tuned,resid_lr,resid_rf,y_pred_base,resid_base
105,258,105,153,14.933,14.853179,14.305273,15.111312971115112,0.07982063,0.62772655,-0.17831336021423283,14.72599,0.20700932
105,260,105,155,13.978,14.181636,13.546167,14.379826793670654,-0.20363617,0.4318323,-0.40182710647582986,14.158071,-0.18007088
105,262,105,157,13.562,13.635937,12.787064,13.648171253204346,-0.07393646,0.7749367,-0.08617097854614286,13.693774,-0.13177395
105,263,105,158,13.341,13.298536,12.407511,13.31976999282837,0.042463303,0.93348885,0.021229610443114666,13.334478,0.006521225
105,264,105,159,13.134,13.030883,12.02796,13.148765029907226,0.10311699,1.10604,-0.014765205383300284,13.068288,0.065711975
105,266,105,161,12.664,12.613601,11.268856,12.251864213943481,0.050398827,1.3951435,0.41213534355163617,12.495193,0.16880703
105,267,105,162,12.511,12.317921,10.889301,12.326458673477173,0.193079,1.6216984,0.1845410060882564,12.303739,0.20726109
105,269,105,164,11.008,11.257153,10.130196,11.548155908584596,-0.24915218,0.87780476,-0.5401555347442635,11.262809,-0.25480843
105,270,105,165,10.805,10.947084,9.750645,11.221987018585205,-0.14208412,1.0543556,-0.4169867134094236,10.839086,-0.034085274
