group,A,Z,N,y_true,y_pred_tuned,y_pred_lr,y_pred_rf,resid_tuned,resid_lr,resid_rf,y_pred_base,resid_base
3,5,3,2,33.131,37.244236,27.639912,38.21762756347656,-4.1132355,5.491089,-5.0866270446777335,38.851612,-5.7206116
3,6,3,3,27.378946,29.23783,21.896917,28.33452030181885,-1.8588829,5.482029,-0.9555739974975594,29.403578,-2.0246315
3,7,3,4,12.914418,18.939466,17.073313,13.755440340042114,-6.0250483,-4.1588945,-0.8410221195220942,15.382834,-2.4684162
3,8,3,5,9.283712,8.077911,12.249708,6.807960805892944,1.205801,-2.9659958,2.475751581192017,7.7097282,1.5739841
3,10,3,7,4.035813,2.3830519,2.602497,2.3059186094999315,1.652761,1.4333158,1.7298942452669142,2.730329,1.3054838
3,12,3,9,0.1856871,-0.8784848,-7.044712,0.6867922515422106,1.0641719,7.230399,-0.5011051566153765,-0.6048414,0.79052854
3,13,3,10,-0.1100001,0.40850025,-11.868317,0.4285257164388895,-0.5185003,11.758317,-0.5385258201509714,-0.2537607,0.14376059
