group,A,Z,N,y_true,y_pred_tuned,y_pred_lr,y_pred_rf,resid_tuned,resid_lr,resid_rf,y_pred_base,resid_base
104,255,104,151,15.455,15.258573,14.520586,15.16626272201538,0.19642735,0.9344139,0.2887372016906742,15.275777,0.17922306
104,256,104,152,15.122,14.959202,14.139816,14.948115110397339,0.16279793,0.98218346,0.17388463020324707,14.990361,0.13163853
104,258,104,154,14.02029,13.940576,13.378277,14.251656713485717,0.079714775,0.64201355,-0.2313663387298579,14.094716,-0.0744257
104,260,104,156,13.339,13.412481,12.616737,13.57423641204834,-0.07348156,0.7222624,-0.23523666381835895,13.310813,0.028186798
104,261,104,157,13.191,13.132468,12.235966,13.238981628417969,0.05853176,0.95503426,-0.04798164367675817,13.300102,-0.10910225
104,262,104,158,12.898,12.800047,11.855198,13.00059621810913,0.09795284,1.0428019,-0.10259645462036104,12.82689,0.07110977
104,264,104,160,12.46,12.481307,11.093658,12.362555685043334,-0.021306992,1.3663416,0.09744435310363819,12.356313,0.10368729
104,265,104,161,12.209,12.136232,10.712889,11.942190008163452,0.07276726,1.4961109,0.2668096256256103,12.220073,-0.0110731125
104,266,104,162,12.081,11.957596,10.332119,11.76378134727478,0.1234045,1.7488813,0.3172189807891854,12.087487,-0.0064868927
