group,A,Z,N,y_true,y_pred_tuned,y_pred_lr,y_pred_rf,resid_tuned,resid_lr,resid_rf,y_pred_base,resid_base
112,278,112,166,13.661,13.694716,13.190205,13.774292001724243,-0.0337162,0.47079563,-0.11329174995422342,13.902143,-0.24114227
112,279,112,167,13.454,13.408763,12.818584,13.384704427719116,0.04523754,0.63541603,0.06929604530334466,13.48109,-0.027089119
112,280,112,168,13.33,13.296899,12.446968,13.251382551193238,0.03310108,0.88303185,0.07861737251281653,13.292833,0.037166595
112,281,112,169,13.216,13.113106,12.075348,13.048205289840698,0.10289383,1.1406517,0.167794313430786,13.283154,-0.06715393
112,284,112,172,12.553,12.425006,10.960491,12.392585430145264,0.12799454,1.5925093,0.16041501998901353,12.430415,0.1225853
112,285,112,173,12.393,12.229619,10.588873,12.081834907531737,0.16338062,1.8041267,0.31116474151611406,12.3252945,0.067705154
112,286,112,174,12.108,11.979723,10.217253,11.948420372009277,0.12827682,1.8907471,0.15957942962646499,11.947315,0.16068459
112,288,112,176,11.662,11.553951,9.474016,11.547739715576173,0.10804844,2.1879835,0.11425998687744077,11.390039,0.27196026
