group,A,Z,N,y_true,y_pred_tuned,y_pred_lr,y_pred_rf,resid_tuned,resid_lr,resid_rf,y_pred_base,resid_base
112,278,112,166,13.661,13.086112,13.511197,13.087070198059083,0.5748882,0.14980316,0.5739300537109369,12.747719,0.91328144
112,279,112,167,13.454,13.011542,12.9771805,12.946660203933716,0.44245815,0.47682,0.5073402690887452,12.747719,0.70628166
112,280,112,168,13.33,12.953604,12.443172,12.854300184249878,0.37639618,0.88682747,0.47569973945617683,12.6919365,0.63806343
112,281,112,169,13.216,12.797336,11.9091625,12.76900029182434,0.41866398,1.3068371,0.44699931144714355,12.635642,0.58035755
112,284,112,172,12.553,12.226478,10.307129,12.09636981010437,0.32652283,2.2458715,0.45663064002990694,12.152354,0.4006462
112,285,112,173,12.393,12.09306,9.77312,12.05293999671936,0.2999401,2.6198797,0.3400596523284918,12.152354,0.24064541
112,286,112,174,12.108,11.810567,9.239111,11.850160131454468,0.2974329,2.8688889,0.2578396701812746,12.124143,-0.016142845
112,288,112,176,11.662,11.542176,8.171093,11.780350141525268,0.119823456,3.4909067,-0.11835043907165499,12.124143,-0.46214294
