group,A,Z,N,y_true,y_pred_tuned,y_pred_lr,y_pred_rf,resid_tuned,resid_lr,resid_rf,y_pred_base,resid_base
2,5,2,3,19.84262,5.6983147,14.607425,10.855165052413941,14.144306,5.235196,8.987455797195434,5.194055,14.648565
2,6,2,4,0.9754569,-2.2428775,14.075351,2.783379445299506,3.2183344,-13.099894,-1.807922551855445,-0.16446236,1.1399193
2,7,2,5,1.3007426,-1.5814544,13.543277,1.577436005473137,2.882197,-12.242535,-0.27669337928295135,-0.08380166,1.3845443
2,8,2,6,2.1250484,-0.645312,13.011204,1.6940299792587756,2.7703605,-10.886155,0.431018419712782,0.34734535,1.777703
2,9,2,7,1.2799373,0.60457134,12.47913,1.9562406489253044,0.6753659,-11.199192,-0.6763033816218376,-0.01544193,1.2953792
2,10,2,8,-1.4448277,-1.4017545,11.947056,1.8046196591109038,-0.043073177,-13.391884,-3.249447334930301,0.49906257,-1.9438902
