group,A,Z,N,y_true,y_pred_tuned,y_pred_lr,y_pred_rf,resid_tuned,resid_lr,resid_rf,y_pred_base,resid_base
4,7,4,3,37.512,30.156961,16.055408,23.73385338008404,7.3550396,21.456593,13.778147657513617,27.759836,9.752165
4,9,4,5,20.563183,9.464077,14.989233,11.841075603961945,11.099106,5.57395,8.722107226848602,10.247141,10.316042
4,10,4,6,8.476821,5.6807213,14.456145,9.678340616449713,2.7960997,-5.9793243,-1.201519670709967,10.096869,-1.6200485
4,13,4,9,2.6607254,0.35278833,12.856881,1.8403897026181222,2.3079371,-10.196156,0.8203356525301932,1.4189298,1.2417955
4,14,4,10,1.2658951,-0.32816666,12.323793,1.0401541006565094,1.5940619,-11.0578985,0.2257410275936127,-0.24873053,1.5146257
