group,A,Z,N,y_true,y_pred_tuned,y_pred_lr,y_pred_rf,resid_tuned,resid_lr,resid_rf,y_pred_base,resid_base
104,255,104,151,15.455,14.838447,15.26966,14.847745695114135,0.6165533,0.18533993,0.6072542285919198,14.021826,1.4331741
104,256,104,152,15.122,14.648587,14.73579,14.46104962348938,0.4734125,0.3862095,0.6609501171112058,13.775547,1.3464527
104,258,104,154,14.02029,13.294145,13.668058,13.378724994659423,0.72614574,0.35223198,0.641565380096436,12.845541,1.1747494
104,260,104,156,13.339,12.851818,12.60032,12.852246198654175,0.48718166,0.7386799,0.4867535495758055,12.632807,0.706193
104,261,104,157,13.191,12.7228985,12.06645,12.613055820465087,0.4681015,1.1245499,0.5779441642761238,12.609467,0.58153343
104,262,104,158,12.898,12.471194,11.532581,12.514826345443726,0.4268055,1.3654184,0.38317341804504323,12.609467,0.2885332
104,264,104,160,12.46,12.030494,10.464842,12.073850088119507,0.4295063,1.9951582,0.3861499500274661,12.492221,-0.03222084
104,265,104,161,12.209,11.825875,9.930972,11.936620063781739,0.38312435,2.2780275,0.27237957000732393,12.492221,-0.28322124
104,266,104,162,12.081,11.551319,9.39711,11.613069925308228,0.5296812,2.6838903,0.46793040275573716,12.368775,-0.28777504
