group,A,Z,N,y_true,y_pred_tuned,y_pred_lr,y_pred_rf,resid_tuned,resid_lr,resid_rf,y_pred_base,resid_base
113,281,113,168,13.792,13.31607,13.223339,13.255199871063233,0.4759302,0.56866074,0.536799945831298,12.746405,1.0455952
113,282,113,169,13.654,13.158185,12.689348,12.945859804153443,0.49581528,0.96465206,0.7081404781341547,12.746405,0.90759563
113,283,113,170,13.389,12.802072,12.155359,12.709599943161011,0.58692837,1.2336407,0.6793999958038324,12.4641285,0.92487144
113,284,113,171,13.28,12.614731,11.621362,12.545780181884766,0.6652689,1.658638,0.7342195510864258,12.4641285,0.81587124
113,285,113,172,12.938,12.565923,11.087372,12.497010040283204,0.372077,1.8506279,0.44098968505859304,12.4641285,0.47387123
113,286,113,173,12.777,12.430608,10.553382,12.379529800415039,0.34639263,2.2236185,0.39747062683105483,12.377283,0.39971733
113,289,113,176,12.047,11.947729,8.951412,11.914409761428834,0.09927082,3.0955877,0.13259016990661543,12.258446,-0.21144581
113,290,113,177,11.797,11.797237,8.417422,11.911759777069092,-0.0002374649,3.3795776,-0.11475984573364251,12.258446,-0.4614458
