group,A,Z,N,y_true,y_pred_tuned,y_pred_lr,y_pred_rf,resid_tuned,resid_lr,resid_rf,y_pred_base,resid_base
114,286,114,172,13.316,12.939404,11.878355,12.847140007019043,0.37659645,1.437645,0.46885997772216825,12.595819,0.7201805
114,287,114,173,13.146,12.825385,11.34449,12.778710145950317,0.3206148,1.8015099,0.36728976249694867,12.595819,0.55018044
114,288,114,174,12.832,12.582231,10.810633,12.570630054473877,0.24976921,2.021367,0.2613697242736812,12.595819,0.2361803
114,289,114,175,12.606,12.522294,10.276768,12.51537003517151,0.0837059,2.3292322,0.09062991142272914,12.595819,0.010180473
114,291,114,177,12.108,11.87975,9.209036,12.033059959411622,0.22824955,2.898964,0.07493984222412031,12.397358,-0.28935814
