group,A,Z,N,y_true,y_pred_tuned,y_pred_lr,y_pred_rf,resid_tuned,resid_lr,resid_rf,y_pred_base,resid_base
105,258,105,153,14.933,14.228503,14.983303,14.058185949325562,0.7044964,-0.05030346,0.8748136615753168,13.677607,1.255393
105,260,105,155,13.978,13.854232,13.915474,13.426329259872437,0.12376785,0.06252575,0.5516704273223869,13.287335,0.6906643
105,262,105,157,13.562,13.246197,12.847638,13.11506109237671,0.31580353,0.71436214,0.44693918228149343,13.093688,0.46831226
105,263,105,158,13.341,13.028337,12.313716,12.90009985923767,0.31266308,1.0272837,0.44089974403381404,13.078678,0.26232147
105,264,105,159,13.134,12.750005,11.779801,12.598359966278077,0.38399506,1.3541985,0.5356398582458493,13.02466,0.109339714
105,266,105,161,12.664,12.262396,10.711965,12.292999897003174,0.4016037,1.952035,0.3709996604919432,12.709801,-0.045801163
105,267,105,162,12.511,12.440321,10.178042,12.144830131530762,0.07067871,2.3329573,0.3661695480346676,12.572119,-0.06111908
105,269,105,164,11.008,11.461324,9.110207,11.644959831237793,-0.45332336,1.8977938,-0.6369594573974613,11.907355,-0.89935493
105,270,105,165,10.805,11.161504,8.576284,11.38218014717102,-0.3565035,2.228716,-0.577179841995239,11.801717,-0.9967165
