group,A,Z,N,y_true,y_pred_tuned,y_pred_lr,y_pred_rf,resid_tuned,resid_lr,resid_rf,y_pred_base,resid_base
3,5,3,2,33.131,17.131605,15.827101,13.797658222317695,15.999395,17.3039,19.333342296481135,19.529116,13.601885
3,6,3,3,27.378946,17.131605,15.294382,12.300651769638062,10.247341,12.084564,15.078294534683227,19.529116,7.8498306
3,7,3,4,12.914418,3.0766459,14.761663,5.734711105078459,9.837772,-1.8472452,7.179707115441561,1.4348172,11.479601
3,8,3,5,9.283712,1.8949583,14.228946,4.315069210976362,7.388754,-4.9452333,4.968643176108599,1.4348172,7.848895
3,10,3,7,4.035813,1.1613144,13.163508,2.105048675388098,2.8744984,-9.127695,1.9307641793787478,0.7302067,3.3056061
3,12,3,9,0.1856871,-1.8052367,12.098072,0.5763672113418579,1.9909238,-11.912385,-0.39068011641502376,0.20992228,-0.024235189
3,13,3,10,-0.1100001,-1.0427208,11.565353,0.3917031729221344,0.93272066,-11.675353,-0.5017032766342163,-1.3817478,1.2717477
