{
  "n_estimators": 2492,
  "max_depth": 4,
  "learning_rate": 0.17138750604671293,
  "subsample": 0.7756601398723725,
  "colsample_bytree": 0.7406887734516272,
  "min_child_weight": 2.077605777759701,
  "gamma": 0.0025832024071633757,
  "reg_lambda": 1.6014995663123852,
  "reg_alpha": 0.01139205317147508
}