feature,importance
N,0.33573538
A,0.33219793
Z,0.33206666
