group,n_test,tuned_rmse,tuned_mae,tuned_r2,lr_rmse,lr_mae,lr_r2,rf_rmse,rf_mae,rf_r2,base_rmse,base_mae,base_r2
81,39,1.075143034978103,0.9087612628936768,0.8291394114494324,1.449141508033562,1.143070936203003,0.6895933151245117,0.7447864542531912,0.6291757993820386,0.918007716793341,0.9692772076762869,0.8306236267089844,0.861130952835083
46,38,1.3355365620003206,1.201254963874817,0.863703727722168,1.6634221523909134,1.4351142644882202,0.7885646820068359,1.1639928804237083,1.0061154678307083,0.89646834385296,1.1559654091804303,1.0144773721694946,0.8978914022445679
82,38,1.0673494743871608,0.9513859152793884,0.8332836627960205,1.425877732448279,1.122843861579895,0.7024708986282349,0.7712531581571636,0.6943475461633581,0.9129520012948908,0.9573793673407612,0.865720272064209,0.8658677935600281
55,37,0.8550096438237681,0.7336147427558899,0.9254421591758728,1.165854438107171,0.9577974677085876,0.8613755106925964,0.7328476745502636,0.6267365933108973,0.9452254532711419,0.8333607112837689,0.7104520797729492,0.9291699528694153
80,37,1.0737891430542357,0.9398553967475891,0.8406185507774353,1.7378440735803569,1.3675681352615356,0.5825337767601013,0.7927442868559255,0.7125489580953442,0.9131307752239223,1.0269274430167037,0.8947364091873169,0.854226291179657
