{
  "n_estimators": 2971,
  "max_depth": 6,
  "learning_rate": 0.1517123850261731,
  "subsample": 0.8346834702842982,
  "colsample_bytree": 0.8165146271394614,
  "min_child_weight": 1.1019280362945272,
  "gamma": 7.66955369419564,
  "reg_lambda": 0.0078608724546842,
  "reg_alpha": 0.8378823318659689
}