param,importance
reg_lambda,0.400881052491605
min_child_weight,0.12745153303546058
max_depth,0.10722982927422058
learning_rate,0.10502793212361955
n_estimators,0.09296460364337943
gamma,0.0921357473694714
reg_alpha,0.031361596358776174
colsample_bytree,0.026286048813534107
subsample,0.016661656889933193
