,A,Z,N,Shell_Closure,N_Z_excess,N_to_Z_ratio,S(n)_MeV
A,1.0,0.9890209333179037,0.9954818252531259,-0.17877591466708187,0.884477330920763,0.13758322033900017,-0.2056617749132856
Z,0.9890209333179037,1.0,0.9705207447588822,-0.1806337933775613,0.8058170424329134,0.030756354513364885,-0.09433355040671537
N,0.9954818252531259,0.9705207447588822,1.0,-0.17551322357309346,0.92478424350999,0.20462292403049223,-0.2748150163860794
Shell_Closure,-0.17877591466708187,-0.1806337933775613,-0.17551322357309346,1.0,-0.14605993726544014,-0.007285881044683843,0.09410973446634566
N_Z_excess,0.884477330920763,0.8058170424329134,0.92478424350999,-0.14605993726544014,1.0,0.4540813424378712,-0.5262792646536202
N_to_Z_ratio,0.13758322033900017,0.030756354513364885,0.20462292403049223,-0.007285881044683843,0.4540813424378712,1.0,-0.843472161705241
S(n)_MeV,-0.2056617749132856,-0.09433355040671537,-0.2748150163860794,0.09410973446634566,-0.5262792646536202,-0.843472161705241,1.0
