{
  "base_rmse_mean": 1.15581186389117,
  "base_rmse_std": 0.23195884632489874,
  "base_mae_mean": 0.9303684413433075,
  "base_mae_std": 0.06536062476664584,
  "base_r2_mean": 0.9024649381637573,
  "base_r2_std": 0.026891012050307223,
  "tuned_rmse_mean": 0.567215743483664,
  "tuned_rmse_std": 0.328570219158343,
  "tuned_mae_mean": 0.2655756875872612,
  "tuned_mae_std": 0.059920822785522,
  "tuned_r2_mean": 0.9731068015098572,
  "tuned_r2_std": 0.028966222029458626
}