feature,importance
N_to_Z_ratio,0.61849356
N_Z_excess,0.2352122
Shell_Closure,0.057385053
Z,0.04797659
N,0.03342013
A,0.0075124446
